,repo_id,label_name
0,140424,incubating
1,150726,incubating
2,191146,incubating
3,191147,incubating
4,191148,incubating
5,191149,incubating
6,191151,incubating
7,191152,incubating
8,191153,incubating
9,191154,incubating
10,191155,incubating
11,191156,incubating
12,191157,incubating
13,191158,incubating
14,191159,incubating
15,191160,incubating
16,191161,incubating
17,191163,incubating
18,191164,incubating
19,191165,incubating
20,191166,incubating
21,191167,incubating
22,191168,incubating
23,191169,incubating
24,191170,incubating
25,191171,incubating
26,191172,incubating
27,191173,incubating
28,191174,incubating
29,191175,incubating
30,191176,incubating
31,191177,incubating
